{"cameraMode":{"drawMode":0,"name":"Shaded","section":"Shading Mode"},"sceneLighting":false,"audioPlay":false,"sceneViewState":{"showFog":true,"showMaterialUpdate":false,"showSkybox":false,"showFlares":true,"showImageEffects":true,"showParticleSystems":true},"in2DMode":false,"pivot":{"x":0.8999999761581421,"y":0.9750000238418579,"z":0.0},"rotation":{"x":0.4068549871444702,"y":0.5120100378990173,"z":-0.2994583249092102,"w":0.6949427127838135},"size":1.3325258493423463,"orthographic":false}