{"cameraMode":{"drawMode":0,"name":"Shaded","section":"Shading Mode"},"sceneLighting":false,"audioPlay":false,"sceneViewState":{"showFog":true,"showMaterialUpdate":false,"showSkybox":false,"showFlares":true,"showImageEffects":true,"showParticleSystems":true},"in2DMode":false,"pivot":{"x":-24.350000381469728,"y":0.6000000238418579,"z":30.229999542236329},"rotation":{"x":0.43758702278137209,"y":-0.45828163623809817,"z":0.2777116000652313,"w":0.722112238407135},"size":0.8660253882408142,"orthographic":false}