{"cameraMode":{"drawMode":0,"name":"Shaded","section":"Shading Mode"},"sceneLighting":false,"audioPlay":false,"sceneViewState":{"showFog":true,"showMaterialUpdate":false,"showSkybox":false,"showFlares":true,"showImageEffects":true,"showParticleSystems":true},"in2DMode":false,"pivot":{"x":-28.06999969482422,"y":0.6000000238418579,"z":23.969999313354493},"rotation":{"x":-0.013767344877123833,"y":0.9148897528648377,"z":-0.40233737230300906,"w":-0.03129734471440315},"size":0.8660253882408142,"orthographic":false}