{"cameraMode":{"drawMode":0,"name":"Shaded","section":"Shading Mode"},"sceneLighting":false,"audioPlay":false,"sceneViewState":{"showFog":true,"showMaterialUpdate":false,"showSkybox":false,"showFlares":true,"showImageEffects":true,"showParticleSystems":true},"in2DMode":false,"pivot":{"x":-24.040000915527345,"y":0.0,"z":32.13999938964844},"rotation":{"x":-0.4834582209587097,"y":0.0813150554895401,"z":-0.046032220125198367,"w":-0.8705773949623108},"size":0.8660253882408142,"orthographic":false}